uf;dependencia_adm;codigo_escola;nome_escola;reprovacao_fundamental_total;reprovacao_medio_total;reprovacao_geral;evasao_fundamental_total;evasao_medio_total;evasao_geral
AC;Privada;12042820;CENTRO DE EDUCACAO INFANTIL E ENSINO FUNDAMENTAL I GENTE MIUDA;0;Não informado;0;0;Não informado;0
AC;Privada;12034576;ESC COLEGIO BOM SAMARITANO;0;Não informado;0;0;Não informado;0
AC;Privada;12010960;ESC SESC DE ENSINO INFANTIL E FUNDAMENTAL;0.5;Não informado;0.5;0;Não informado;0
AC;Pública;12009164;ESC MARIA DE JESUS RIBEIRO;15.1;Não informado;15.1;0;Não informado;0
AC;Pública;12023582;ESC BOM JESUS;1.6;Não informado;1.6;0;Não informado;0
AC;Pública;12034100;ESC JAIME DE ALENCAR;5.9;Não informado;5.9;0;Não informado;0
AL;Privada;27051374;COLEGIO SAO MATHEUS;0;Não informado;0;0;Não informado;0
AL;Privada;27055744;COLEGIO SAGRADO CORACAO DE JESUS;0;Não informado;0;0;Não informado;0
AL;Privada;27016021;COLEGIO CENECISTA ROGERIO AUTO TEOFILO;0;Não informado;0;0;Não informado;0
AL;Pública;27000281;ESCOLA MUNICIPAL DE EDUCACAO BASICA AMERICA FERNANDES TORRES;0.4;Não informado;0.4;0;Não informado;0
AL;Pública;27000400;ESCOLA MUNICIPAL DE EDUCACAO BASICA MANOEL FREIRE DA SILVA;0;Não informado;0;0;Não informado;0
AL;Pública;27046427;ESCOLA MUNICIPAL DE EDUCACAO BASICA MARIA JOSE GOMES;0;Não informado;0;0;Não informado;0
AM;Privada;13106457;ESCOLA INFANTIL FLORES DA MINHA VIDA;0;Não informado;0;0;Não informado;0
AM;Privada;13069632;ESC BATISTA ALEGRIA DO SABER;0;Não informado;0;0;Não informado;0
AM;Privada;13076906;CENTRO EDUCACIONAL PARAISO;0;0;0;0;0;0
AM;Pública;13012584;ESCOLA MUNICIPAL DOM PEDRO I;0;Não informado;0;0;Não informado;0
AM;Pública;13012592;ESCOLA MUNICIPAL DIVINO ESPIRITO SANTO DO CARU;0;Não informado;0;0;Não informado;0
AM;Pública;13012665;ESCOLA MUNICIPAL SANTA CRUZ;0;Não informado;0;0;Não informado;0
AP;Privada;16008200;ESCOLA ANA NERI;0;Não informado;0;0;Não informado;0
AP;Privada;16010809;COLEGIO DINAMICO;0.6;Não informado;0.6;0;Não informado;0
AP;Privada;16002016;COLEGIO SANTA BARTOLOMEA CAPITANIO;0;0;0;0;0;0
AP;Pública;16001214;ESC MUL PEDRA PRETA;0;Não informado;0;0;Não informado;0
AP;Pública;16001222;ESC EST SETE DE SETEMBRO;1.6;11.9;11.9;0;0;0
AP;Pública;16006755;ESC MUL COLONIA DO CACHACO;2.1;Não informado;2.1;0;Não informado;0
BA;Privada;29149568;COLEGIO PADRE JOSE DE ANCHIETA;7.8;11.1;11.1;0;0;0
BA;Privada;29149746;INSTITUTO EDUCACIONAL SILVANO ANDRADE;2;2.9;2.9;0;0;0
BA;Privada;29333229;ESCOLA SONHO DE CRIANCA;1.9;Não informado;1.9;0;Não informado;0
BA;Pública;29211956;GRUPO ESCOLAR HORACIO DE MATOS;1.4;Não informado;1.4;0;Não informado;0
BA;Pública;29371112;ESCOLA MUN EUMAR PEREIRA;0;Não informado;0;0;Não informado;0
BA;Pública;29023564;ESCOLA DEMOCRATICA MUNICIPAL DE 1¿ GRAU AGROVILA 14;5.6;Não informado;5.6;0;Não informado;0
CE;Privada;23261994;MUNDO DO SABER EEIF;0;Não informado;0;0;Não informado;0
CE;Privada;23239360;PENTAGONO ORGANIZACAO EDUCACIONAL;1.7;Não informado;1.7;0;Não informado;0
CE;Privada;23000872;VIRGEM PODEROSA ESC;0.3;0;0.3;0;0;0
CE;Pública;23168862;CORONEL HUMBERTO BEZERRA EEIF;0;Não informado;0;0;Não informado;0
CE;Pública;23168900;PADRE JOSE LEITE SAMPAIO EM;0;Não informado;0;0;Não informado;0
CE;Pública;23168951;MARIA OLIVEIRA SANTOS EEIF;0.8;Não informado;0.8;0;Não informado;0
DF;Privada;53000781;ARVENSE C EDUCACIONAL;0;Não informado;0;0;Não informado;0
DF;Privada;53000960;COL MAURICIO SALLES DE MELLO;0.7;Não informado;0.7;0;Não informado;0
DF;Privada;53001060;COL LA SALLE BRASILIA;0.2;1.3;1.3;0;0;0
DF;Pública;53000862;CEF 02 DE BRASILIA;1.2;Não informado;1.2;0;Não informado;0
DF;Pública;53000889;CEF 04 DE BRASILIA;2.9;Não informado;2.9;0;Não informado;0
DF;Pública;53000897;CEF 05 DE BRASILIA;0;Não informado;0;0;Não informado;0
ES;Privada;32045433;IESC JUNIOR;0;Não informado;0;0;Não informado;0
ES;Privada;32064420;CE ADELIA BARROZO BIFANO;0;0;0;0;0;0
ES;Privada;32081081;COOPERATIVA EDUCACIONAL SUL CAPIXABA - COLEGIO INOVADOR;0;Não informado;0;0;Não informado;0
ES;Pública;32025700;EMEF ARREPENDIDO;0;Não informado;0;0;Não informado;0
ES;Pública;32025785;EMEIEFTI FORTALEZA;0;Não informado;0;0;Não informado;0
ES;Pública;32025793;EMEIEF GUMERCINDO LACERDA;5.4;Não informado;5.4;0;Não informado;0
GO;Privada;52091953;ESCOLA MARIA DE LOURDES;0;Não informado;0;0;Não informado;0
GO;Privada;52085490;ESCOLA ANA MARIA RIVIER;2;Não informado;2;0;Não informado;0
GO;Privada;52106691;COLEGIO MAIS SABER LTDA;1.9;0;1.9;0;0;0
GO;Pública;52032094;ESCOLA MUNICIPAL VITAL LUIZ DA COSTA;0.2;Não informado;0.2;0;Não informado;0
GO;Pública;52036499;ESCOLA MUNICIPAL NOSSA SENHORA DO PERPETUO SOCORRO;0;Não informado;0;0;Não informado;0
GO;Pública;52260364;ESCOLA MUNICIPAL HILDEBRANDO CARDOSO LOURENCO;0;Não informado;0;0;Não informado;0
MA;Privada;21088217;CENTRO ESTUDANTIL RUI BARBOSA;Não informado;0;0;Não informado;0;0
MA;Privada;21090009;ESCOLA DIVINO MESTRE;0;1.6;1.6;0;0;0
MA;Privada;21226253;CE JOAO PAULO II;0;2.5;2.5;0;0;0
MA;Pública;21088420;EM MARIO CABRAL DE MELO;0;Não informado;0;0;Não informado;0
MA;Pública;21088519;EM ANGELO CLAUDINE CAPELLOZA;0;Não informado;0;0;Não informado;0
MA;Pública;21088527;EM ANTONIO ALVES MOREIRA;3.9;Não informado;3.9;0;Não informado;0
MG;Privada;31040924;COLEGIO CENECISTA NOSSA SENHORA DE FATIMA;0;3.6;3.6;0;0;0
MG;Privada;31277584;INSTITUTO EDUCACIONAL CRIATIVO DE ABAETE;0;Não informado;0;0;Não informado;0
MG;Privada;31268551;POLO EDUCACIONAL ORNELAS LTDA- ESCOLA ARCO IRIS;0;Não informado;0;0;Não informado;0
MG;Pública;31200263;EM DE PALMITOS;0;Não informado;0;0;Não informado;0
MG;Pública;31200778;EM EDMUNDO ANTONIO PEREIRA;0;Não informado;0;0;Não informado;0
MG;Pública;31200794;EM HEITOR JOSE DE OLIVEIRA;0;Não informado;0;0;Não informado;0
MS;Privada;50034421;INSTITUTO EDUCACIONAL CECILIA MEIRELES;1.3;0;1.3;0;0;0
MS;Privada;50015095;COLEGIO CELQ;0.9;0;0.9;0;0;0
MS;Privada;50001515;INSTITUTO EDUCACIONAL DE ANASTACIO;0;Não informado;0;0;Não informado;0
MS;Pública;50011774;EE MAL CASTELO BRANCO;10.6;4.4;10.6;0;0;0
MS;Pública;50011790;EM ISOLINO CANDIDO DIAS - POLO;1.4;Não informado;1.4;0;Não informado;0
MS;Pública;50011804;EM LUCIANO SILVERIO DE OLIVEIRA;10.2;Não informado;10.2;0;Não informado;0
MT;Privada;51021455;COLEGIO JESUS MARIA JOSE;0.5;Não informado;0.5;0;Não informado;0
MT;Privada;51021935;ESCOLA DE EDUCACAO BASICA RUI BARBOSA;0.4;0;0.4;0;0;0
MT;Privada;51069202;INSTITUTO DE EDUCACAO ABC AGUA BOA;Não informado;3.2;3.2;Não informado;0;0
MT;Pública;51033828;EMPG DE ALEIXO;0;Não informado;0;0;Não informado;0
MT;Pública;51033879;EMPG DE CAMPO LIMPO;0;Não informado;0;0;Não informado;0
MT;Pública;51034000;EE DOM ANTONIO CAMPELO;1.2;Não informado;1.2;0;Não informado;0
PA;Privada;15161366;SISTEMA DE ENSINO INOVE;1;0;1;0;0;0
PA;Privada;15175391;ESCOLA NOSSA SENHORA SANTANA;0;Não informado;0;0;Não informado;0
PA;Privada;15587983;SISTEMA DE ENSINO VESTIBULANDO;0.7;3;3;0;0;0
PA;Pública;15064255;E M E I F CAMINHO DA ESPERANCA;4.6;Não informado;4.6;0;Não informado;0
PA;Pública;15064280;ESCOLA ESTADUAL SAO FRANCISCO XAVIER;0.6;0.1;0.6;0;0;0
PA;Pública;15064301;EMEIF SAO JOSE;0.7;Não informado;0.7;0;Não informado;0
PB;Privada;25121243;ESCOLA DISNEY;0;Não informado;0;0;Não informado;0
PB;Privada;25121251;EXTERNATO DOM PEDRO II;1.4;0;1.4;0;0;0
PB;Privada;25063251;COLEGIO 7 DE SETEMBRO LTDA;0;Não informado;0;0;Não informado;0
PB;Pública;25033158;EMEIF MAE IAIA;0;Não informado;0;0;Não informado;0
PB;Pública;25033425;EMEF SEVERINO FIRMINO DE SANTANA;0;Não informado;0;0;Não informado;0
PB;Pública;25033476;EMEF ANDRE ALVES DO NASCIMENTO;0;Não informado;0;0;Não informado;0
PE;Privada;26170868;C COM EDUC E CULTURAL MAMAE MARGARIDA;0.7;Não informado;0.7;0;Não informado;0
PE;Privada;26174189;COLEGIO E CURSO MASTER LTDA;Não informado;0;0;Não informado;0;0
PE;Privada;26174227;ESCOLINHA ELIZABETH MONTEIRO;0;Não informado;0;0;Não informado;0
PE;Pública;26106477;EM - CENTRO COM EDUCACIONAL WILIBALDO DE FRANCA SEIXAS;0;Não informado;0;0;Não informado;0
PE;Pública;26106582;ESCOLA DE REFERENCIA EM ENSINO FUNDAMENTAL GENERAL ABREU E LIMA;0.7;0;0.7;0;0;0
PE;Pública;26106612;ESCOLA MARECHAL COSTA E SILVA;5.6;3.2;5.6;0;0;0
PI;Privada;22106954;EDUCANDARIO BONUS LTDA;0;0;0;0;0;0
PI;Privada;22142827;COLEGIO CURSO METAS;1.7;Não informado;1.7;0;Não informado;0
PI;Privada;22143220;ESCOLA PIAGET;4.2;Não informado;4.2;0;Não informado;0
PI;Pública;22095942;UNIDADE ESCOLAR FRANCISCO ANSELMO RODRIGUES;0;Não informado;0;0;Não informado;0
PI;Pública;22097236;UNID ESC JOSE MARIANO DE SOUSA;0;Não informado;0;0;Não informado;0
PI;Pública;22098232;UNID ESC MANOEL JOAQUIM RODRIGUES;0;Não informado;0;0;Não informado;0
PR;Privada;41123123;ESCOLA ECOLOGICA MARCELINO CHAMPAGNAT ENSINO FUNDAMENTAL;2.7;Não informado;2.7;0;Não informado;0
PR;Privada;41155483;ISAAC NEWTON DO CACHOEIRA EEI EF;0;Não informado;0;0;Não informado;0
PR;Privada;41164644;CAMINHO DO SABER E;0;Não informado;0;0;Não informado;0
PR;Pública;41042476;AFRANIO PEIXOTO E EEF;0.7;Não informado;0.7;0;Não informado;0
PR;Pública;41042590;BOSCO E M DOMEI EF;7.1;Não informado;7.1;0;Não informado;0
PR;Pública;41042670;RUI BARBOSA C E EF M N PROFIS;0;0;0;0;0;0
RJ;Privada;33036616;CENTRO EDUC LEONE ALMEIDA JD INF MUNDO M;0.9;Não informado;0.9;0;Não informado;0
RJ;Privada;33036659;COLEGIO JEAN PIAGET;1.5;0.9;1.5;0;0;0
RJ;Privada;33036675;COLEGIO OSVALDO AFONSO;1.5;10.5;10.5;0;0;0
RJ;Pública;33036640;CE DOUTOR ARTUR VARGAS;25.6;27.5;27.5;0;0;0
RJ;Pública;33036730;CETI EM ALBERTO TORRES;0;Não informado;0;0;Não informado;0
RJ;Pública;33036756;CETI EM ANTONIO JOAQUIM DE OLIVEIRA;9.6;Não informado;9.6;0;Não informado;0
RN;Privada;24009296;COMPLEXO EDUCACIONAL SANTO ANDRE;0.8;8.3;8.3;0;0;0
RN;Privada;24009300;DEGRAU COLEGIO E CURSO;1.4;Não informado;1.4;0;Não informado;0
RN;Privada;24080187;COLEGIO DO FUTURO - ENSINO MEDIO;Não informado;4.7;4.7;Não informado;0;0
RN;Pública;24034495;ESC MUL CANTIDIA AUDA PIRES;0;Não informado;0;0;Não informado;0
RN;Pública;24034517;ESCOLA MUNICIPAL CIPRIANO SANTA ROSA;0;Não informado;0;0;Não informado;0
RN;Pública;24034797;ESCOLA MUNICIPAL PROFESSORA TEREZINHA DE LOURDES GALVAO;0;Não informado;0;0;Não informado;0
RO;Privada;11006765;ESCOLA ADVENTISTA DE ARIQUEMES;1.3;Não informado;1.3;0;Não informado;0
RO;Privada;11007656;COLEGIO DINAMICO EDUCACAO BASICA;1.1;3.2;3.2;0;0;0
RO;Privada;11044462;CENTRO EDUCACIONAL MONTEIRO LOBATO;0;Não informado;0;0;Não informado;0
RO;Pública;11022558;EIEEF HAP BITT TUPARI;0;Não informado;0;0;Não informado;0
RO;Pública;11024372;EMEIEF ANA NERY;2.9;Não informado;2.9;0;Não informado;0
RO;Pública;11024666;EMEIEF BOA ESPERANCA;1.5;Não informado;1.5;0;Não informado;0
RR;Privada;14000792;CENTRO EDUCACIONAL MACUNAIMA - COLEGIO FAMETRO;2;4.3;4.3;0;0;0
RR;Privada;14000814;CENTRO DE EDUCACAO INTEGRADA COLMEIA LTDA;0.8;1;1;0;0;0
RR;Privada;14001055;ESC INSTITUTO BATISTA DE RORAIMA;1.1;4.5;4.5;0;0;0
RR;Pública;14000660;ESCOLA ESTADUAL INDIGENA ALMIRANTE BARROSO;0;Não informado;0;0;Não informado;0
RR;Pública;14000695;ESCOLA ESTADUAL INDIGENA JOAO CUSTODIO PERES;0;Não informado;0;0;Não informado;0
RR;Pública;14001098;ESCOLA MUNICIPAL JOSE CAMPANHA WANDERLEY;3.5;Não informado;3.5;0;Não informado;0
RS;Privada;43002560;EEF PRIMEIROS PASSOS AJURICABA;0;Não informado;0;0;Não informado;0
RS;Privada;43012329;COLEGIO DIVINO CORACAO;0.9;0;0.9;0;0;0
RS;Privada;43012515;COLEGIO PROF RAYMUNDO LUIZ MARINHO CARVALHO;0;1.6;1.6;0;0;0
RS;Pública;43019285;EMEF FRANCISCO DE PAULA PEREIRA;4.7;Não informado;4.7;0;Não informado;0
RS;Pública;43190987;ESC EST ENS FUN CONQUISTA DO JAGUARAO;0;Não informado;0;0;Não informado;0
RS;Pública;43200770;EMEF PIONEIRA;4.9;Não informado;4.9;0;Não informado;0
SC;Privada;42152542;COLEGIO FUTURA GERACAO;0;Não informado;0;0;Não informado;0
SC;Privada;42028736;COLEGIO EXTENSAO X;0.2;0;0.2;0;0;0
SC;Privada;42052378;COLEGIO ETHICOS LTDA;0;0;0;0;0;0
SC;Pública;42011272;CENTRO MUNICIPAL DE ENSINO LUIZ ZANCHETT;1.7;Não informado;1.7;0;Não informado;0
SC;Pública;42044553;EEB JOSE ZANCHETTI;5.8;Não informado;5.8;0;Não informado;0
SC;Pública;42086671;EEF ALTAIR SILVA;0;Não informado;0;0;Não informado;0
SE;Privada;28034082;EDUCANDARIO UM SONHO A MAIS;0;Não informado;0;0;Não informado;0
SE;Privada;28035402;ESCOLA NOSSA SENHORA DA CONCEICAO;0;0;0;0;0;0
SE;Privada;28017331;NUCLEO DE EDUCACAO DA UNIT;5.8;Não informado;5.8;0;Não informado;0
SE;Pública;28012658;ESCOLA MUNICIPAL RAIMUNDO MARTINS;8;Não informado;8;0;Não informado;0
SE;Pública;28012712;ESCOLA MUNICIPAL ANTONIO DA SILVA CARVALHO;8.5;Não informado;8.5;0;Não informado;0
SE;Pública;28005180;ESCOLA MUNICIPAL MARLUVIA ARAGAO OLIVEIRA;0;Não informado;0;0;Não informado;0
SP;Privada;35185954;SAINT GEORGE SCHOOL;3.2;0;3.2;0;0;0
SP;Privada;35197221;ADAMANTINENSE COLEGIO;0.6;2.2;2.2;0;0;0
SP;Privada;35268410;CRISTA DE ENSINO ESCOLA;0.7;2.9;2.9;0;0;0
SP;Pública;35031045;DURVALINO GRION PROF;0;Não informado;0;0;Não informado;0
SP;Pública;35031100;ETEC ENGENHEIRO HERVAL BELLUSCI;Não informado;2.4;2.4;Não informado;0;0
SP;Pública;35031112;FLEURIDES CAVALLINI MENECHINO PROFA;0;0;0;0;0;0
TO;Privada;17020646;COLEGIO JEAN PIAGET;0;Não informado;0;0;Não informado;0
TO;Privada;17005078;ASSOCIACAO SANTA CRUZ DE ARAGUAINA;1.6;2;2;0;0;0
TO;Privada;17005213;EDUCANDARIO DE ARAGUAINA;Não informado;7.9;7.9;Não informado;0;0
TO;Pública;17038332;ESCOLA MUNICIPAL JULIO PINHEIRO;0;Não informado;0;0;Não informado;0
TO;Pública;17039282;ESCOLA MUNICIPAL ARCO IRIS;0;Não informado;0;0;Não informado;0
TO;Pública;17049717;ESCOLA MUNICIPAL PAULO FREIRE;0;Não informado;0;0;Não informado;0
