uf,dependencia_adm,codigo_escola,nome_escola,reprovacao_fundamental_total,reprovacao_medio_total,reprovacao_geral,evasao_fundamental_total,evasao_medio_total,evasao_geral
AC,Privada,12032271,INSTITUTO SENAI DE TECNOLOGIA MADEIRA E MOVEIS,Não informado,0.0,0.0,Não informado,7.8,7.8
AC,Privada,12001686,ESC INSTITUTO SANTA TERESINHA,1.4,2.1,2.1,0.0,0.7,0.7
AC,Privada,12011525,COLEGIO PADRAO,0.0,Não informado,0.0,0.7,Não informado,0.7
AC,Pública,12028975,ESC INDIGENA SETE VOLTAS,0.0,0.0,0.0,0.0,100.0,100.0
AC,Pública,12006408,ESC INDIGENA SAO FRANCISCO I,0.0,0.0,0.0,5.4,100.0,100.0
AC,Pública,12006459,ESC INDIGENA SAO JOSE I,0.0,0.0,0.0,11.1,100.0,100.0
AL,Privada,27049647,EEF MARIA DAS DORES,0.0,Não informado,0.0,21.4,Não informado,21.4
AL,Privada,27049248,COLEGIO SIGMA,0.6,0.0,0.6,0.6,10.0,10.0
AL,Privada,27054632,CRECHE ESCOLA BUARQUE DE LIMA,0.0,Não informado,0.0,9.5,Não informado,9.5
AL,Pública,27037223,IFAL - CAMPUS MACEIO,Não informado,0.0,0.0,Não informado,100.0,100.0
AL,Pública,27028712,ESCOLA MUNICIPAL DE EDUCACAO BASICA JOAO GOMES DE FARIAS,0.0,Não informado,0.0,33.3,Não informado,33.3
AL,Pública,27354024,ESCOLA ESTADUAL ROSA MARIA PAULINO DA FONSECA,Não informado,13.7,13.7,Não informado,21.7,21.7
AM,Privada,13107828,INSTITUTO OMEGA DE EDUCACAO DO AMAZONAS,Não informado,0.0,0.0,Não informado,42.9,42.9
AM,Privada,13101730,CENTRO DE FORMACAO PROFISSIONAL JOSE TADROS,Não informado,0.0,0.0,Não informado,42.1,42.1
AM,Privada,13105256,CENTRO EDUCACIONAL SEMENTE DE HONRA,0.0,Não informado,0.0,12.5,Não informado,12.5
AM,Pública,13109596,ESCOLA MUNICIPAL NOSSA SENHORA DA CONCEICAO,0.0,Não informado,0.0,81.8,Não informado,81.8
AM,Pública,13121006,ESC MUN INDIGENA WOM HO,0.0,Não informado,0.0,70.0,Não informado,70.0
AM,Pública,13063090,ESC ANA BATALHA,0.0,Não informado,0.0,62.5,Não informado,62.5
AP,Privada,16006437,ESCOLA FAMILIA AGRICOLA DA PERIMETRAL NORTE,0.0,0.0,0.0,18.2,16.7,18.2
AP,Privada,16011430,ESC FAMILIA AGROECOLOGICA DO MACACOARI,0.0,0.0,0.0,0.0,18.2,18.2
AP,Privada,16010108,ESC FAMILIA AGROEXTRATIVISTA DO MARACA,13.5,6.3,13.5,8.1,6.2,8.1
AP,Pública,16007549,ESC MUL FRANCISCO TORRES,0.0,Não informado,0.0,50.0,Não informado,50.0
AP,Pública,16009738,ESCOLA INDIGENA ESTADUAL AATESIWAI,37.5,Não informado,37.5,37.5,Não informado,37.5
AP,Pública,16000277,ESC INDIGENA EST GABRIEL DOS ANJOS,0.0,0.0,0.0,2.4,33.3,33.3
BA,Privada,29486386,SERVICO NACIONAL DE APRENDIZAGEM COMERCIAL,Não informado,0.0,0.0,Não informado,100.0,100.0
BA,Privada,29478154,GRAU TECNICO SAO CRISTOVAO EDUCACIONAL LTDA,Não informado,0.0,0.0,Não informado,62.5,62.5
BA,Privada,29473420,CENTRO DE TREINAMENTO EM SAUDE DE BARREIRAS,Não informado,0.0,0.0,Não informado,54.5,54.5
BA,Pública,29404240,COLEGIO ESTADUAL PROFESSORA MARIA ODETTE PITHON RAYNAL,24.0,14.3,24.0,13.0,60.0,60.0
BA,Pública,29310270,ESC CARLOS RIBEIRO,0.0,Não informado,0.0,57.1,Não informado,57.1
BA,Pública,29297710,ESCOLA ALINE RIBEIRO REIS,0.0,Não informado,0.0,50.0,Não informado,50.0
CE,Privada,23244909,CASA DA CRIANCA IRMA MARCILLAC,0.0,Não informado,0.0,69.4,Não informado,69.4
CE,Privada,23189240,JK COLEGIO,Não informado,0.0,0.0,Não informado,29.1,29.1
CE,Privada,23274670,CENTRO DE FORMACAO EDUCAR-ME,Não informado,0.0,0.0,Não informado,25.0,25.0
CE,Pública,23070900,EEFM CENTRO EDUCACIONAL DOM HELIO CAMPOS,0.0,0.8,0.8,21.7,2.3,21.7
CE,Pública,23051558,PAULO VI ESCOLA MUNICIPAL,3.4,Não informado,3.4,13.8,Não informado,13.8
CE,Pública,23075023,EEM GENERAL MURILO BORGES MOREIRA,Não informado,4.8,4.8,Não informado,13.6,13.6
DF,Privada,53018877,APOGEU EAD,Não informado,0.0,0.0,Não informado,33.3,33.3
DF,Privada,53045009,C DE EDUC PROFISSIONAL SENAC - JESSE FREIRE,Não informado,0.0,0.0,Não informado,15.7,15.7
DF,Privada,53035003,COL CULTURAL,0.0,Não informado,0.0,3.3,Não informado,3.3
DF,Pública,53009380,CED CASA GRANDE,5.6,5.0,5.6,0.7,27.5,27.5
DF,Pública,53008979,CED MYRIAM ERVILHA,4.5,0.0,4.5,1.9,26.2,26.2
DF,Pública,53005392,CENTRO EDUCACIONAL FERCAL,7.8,12.0,12.0,2.3,24.0,24.0
ES,Privada,32083386,ESCOLA NOVO MILENIO,5.0,0.0,5.0,0.0,29.6,29.6
ES,Privada,32081278,ESCOLA FAMILIA AGRICOLA DE IBITIRAMA - MEPES,Não informado,0.0,0.0,Não informado,10.7,10.7
ES,Privada,32065523,SENAI ES - CENTRO DE EDUCACAO PROFISSIONAL HELCIO REZENDE DIAS,Não informado,0.0,0.0,Não informado,7.0,7.0
ES,Pública,32024703,EMPEIPEF CORREGO SAO PEDRO,0.0,Não informado,0.0,16.7,Não informado,16.7
ES,Pública,32078625,EEEFM GUILHERMINA HULDA KRUGER REINHOLZ,Não informado,2.0,2.0,Não informado,12.0,12.0
ES,Pública,32076410,EEEFM DR JOSE MOYSES,0.2,0.4,0.4,2.1,10.7,10.7
GO,Privada,52096424,INSTITUTO E COLEGIO QUALITY,Não informado,0.0,0.0,Não informado,38.0,38.0
GO,Privada,52106837,GRAU TECNICO GOIANIA,Não informado,0.5,0.5,Não informado,37.1,37.1
GO,Privada,52096688,ESCOLA SENAI NIQUELANDIA,Não informado,0.2,0.2,Não informado,34.3,34.3
GO,Pública,52103552,COLEGIO ESTADUAL INDIGENA ALDEIA AVA-CANOEIRO,0.0,0.0,0.0,0.0,100.0,100.0
GO,Pública,52049809,ESCOLA ESTADUAL COMENDADOR JOAQUIM ALVES,0.9,2.3,2.3,4.3,15.8,15.8
GO,Pública,52077942,COLEGIO ESTADUAL JOSE BONIFACIO DA SILVA,1.9,5.8,5.8,4.0,14.8,14.8
MA,Privada,21345228,CASA FAMILIAR RURAL DE COQUELANDIA DE IMPERATRIZ,Não informado,0.0,0.0,Não informado,64.0,64.0
MA,Privada,21260796,ESCOLA FAMILIA AGRICOLA RAIMUNDO ARAUJO DA SILVA,Não informado,0.0,0.0,Não informado,60.7,60.7
MA,Privada,21218269,COL PRESIDENTE JUSCELINO KUBITSCHEK,Não informado,0.0,0.0,Não informado,56.4,56.4
MA,Pública,21206309,PRG ENS JVNS ADLS DE POCAO DE PEDRAS,Não informado,2.1,2.1,Não informado,85.8,85.8
MA,Pública,21005370,UE TIRADENTES,0.0,Não informado,0.0,66.7,Não informado,66.7
MA,Pública,21249490,CENTRO DE EDUCACAO ESCOLAR INDIGENA SILVANO PEREIRA NETO,4.2,0.0,4.2,26.4,61.3,61.3
MG,Privada,31383597,GRAU TENCIO VENDA NOVA II,Não informado,0.0,0.0,Não informado,52.9,52.9
MG,Privada,31375373,GRAU TECNICO VENDA NOVA,Não informado,0.0,0.0,Não informado,46.6,46.6
MG,Privada,31384070,INSTITUTO PREMIUM - UNIDADE II,Não informado,0.9,0.9,Não informado,46.5,46.5
MG,Pública,31326861,EE SAO FRANCISCO DE ASSIS,0.0,0.0,0.0,20.0,42.9,42.9
MG,Pública,31342564,EE DE ENSINO FUNDAMENTAL E MEDIO,0.0,0.0,0.0,40.0,28.6,40.0
MG,Pública,31137227,EE DONA QUERIDINHA BIAS FORTES,1.5,4.5,4.5,12.2,36.4,36.4
MS,Privada,50034812,COLEGIO REINO CRESCER,0.0,Não informado,0.0,10.0,Não informado,10.0
MS,Privada,50024337,ESCOLA FAMILIA AGRICOLA ROSALVO DA ROCHA RODRIGUES,Não informado,3.0,3.0,Não informado,4.0,4.0
MS,Privada,50011316,ESCOLA CAMINHO LTDA EPP,1.3,3.2,3.2,0.0,3.1,3.1
MS,Pública,50019309,ESCOLA MUNICIPAL SIDNEY COELHO NOGUEIRA,18.3,Não informado,18.3,36.7,Não informado,36.7
MS,Pública,50034600,CENTRO ESTADUAL DE FORMACAO DE PROFESSORES INDIGENAS DE MS,Não informado,10.5,10.5,Não informado,28.5,28.5
MS,Pública,50023390,EE PAULO EDUARDO DE SOUZA FIRMO,Não informado,1.2,1.2,Não informado,17.9,17.9
MT,Privada,51071789,CEP SENAC SINOP,Não informado,2.0,2.0,Não informado,98.0,98.0
MT,Privada,51067986,SENAI NOVA MUTUM,Não informado,0.0,0.0,Não informado,93.7,93.7
MT,Privada,51061716,LICEU PEDAGOGICO SAO FRANCISCO DE ASSIS,25.0,7.7,25.0,12.5,0.0,12.5
MT,Pública,51089874,EE MARIA DE ARRUDA MULLER,1.1,8.9,8.9,0.5,24.4,24.4
MT,Pública,51067390,EE PONTAL DO GLORIA,0.0,15.8,15.8,0.0,21.0,21.0
MT,Pública,51069229,ESCOLA MUNICIPAL INDIGENA WENTALUSU,0.0,Não informado,0.0,18.2,Não informado,18.2
PA,Privada,15201600,ESCOLA COMUNITARIA CASA FAMILIAR RURAL JOSE DELFINO NETO,Não informado,0.0,0.0,Não informado,29.4,29.4
PA,Privada,15170780,CENTRO EDUCACIONAL PROFESSORA LUCIANA ANDRADE - CEPLA,Não informado,0.0,0.0,Não informado,28.0,28.0
PA,Privada,15168018,CRECHE BEBE SOL,0.6,Não informado,0.6,21.5,Não informado,21.5
PA,Pública,15172619,EM INDIGENA EIF IZABEL MIQUILES,0.0,Não informado,0.0,100.0,Não informado,100.0
PA,Pública,15583457,EMEF NASCER DO SOL,0.0,Não informado,0.0,83.3,Não informado,83.3
PA,Pública,15536459,E M E F NOVO HORIZONTE,0.0,Não informado,0.0,66.7,Não informado,66.7
PB,Privada,25130439,CENTRO EDUCACIONAL ESPACO DO SABER,0.0,Não informado,0.0,38.2,Não informado,38.2
PB,Privada,25276930,UNEPI - UNIAO DE ENSINO E PESQUISA INTEGRADA LTDA,Não informado,0.0,0.0,Não informado,35.3,35.3
PB,Privada,25129350,ESCOLA POLITECNICA DE SAUDE CRISTO REI,Não informado,0.0,0.0,Não informado,22.7,22.7
PB,Pública,25088025,EEIEFM PROFESSORA ANGELITA BEZERRA DE ASSIS,8.1,0.0,8.1,13.0,40.0,40.0
PB,Pública,25094025,ECI TENENTE LUCENA,11.4,9.6,11.4,0.4,35.6,35.6
PB,Pública,25081799,ESC NOR MUL PROF¿ MARIETA MEDEIROS,Não informado,0.8,0.8,Não informado,30.0,30.0
PE,Privada,26175690,ESCOLA LAURA FIGUEIREDO,0.0,Não informado,0.0,25.0,Não informado,25.0
PE,Privada,26136639,COLEGIO UNIVERSO EDITE RIBEIRO,5.3,Não informado,5.3,21.0,Não informado,21.0
PE,Privada,26123924,ESCOLA RECREIO DA TIA MARTA,0.0,Não informado,0.0,20.5,Não informado,20.5
PE,Pública,26041570,ESCOLA TIBURCIO LIMA,11.5,0.0,11.5,0.0,38.9,38.9
PE,Pública,26147190,ESCOLA ESTADUAL ORORUBA,5.8,2.2,5.8,12.1,28.1,28.1
PE,Pública,26041634,ESCOLA ESTADUAL INDIGENA ACELINA COSME DE MOURA,15.4,1.7,15.4,2.5,25.4,25.4
PI,Privada,22176608,INSTITUTO WANDA HORTA-JS DE SOUSA MOURA LTDA,Não informado,0.0,0.0,Não informado,21.1,21.1
PI,Privada,22129995,COOP EDUCACIONAL ASSIS BRASIL,0.0,0.0,0.0,0.0,18.2,18.2
PI,Privada,22143386,BRIGHT BEE SCHOOL - BRIGHT SCHOOL,1.0,0.0,1.0,0.4,15.2,15.2
PI,Pública,22066179,U E ARSENIO SANTOS,0.0,9.1,9.1,0.0,36.4,36.4
PI,Pública,22068724,ESC MUL SILVESTRE PEREIRA DA SILVA,0.0,Não informado,0.0,33.3,Não informado,33.3
PI,Pública,22137556,U E JOAO ODORICO,Não informado,0.0,0.0,Não informado,28.4,28.4
PR,Privada,41533909,ESCOLA CRISTA DE CURITIBA E- EI EF,0.0,0.0,0.0,13.4,7.7,13.4
PR,Privada,41155734,CENTRO DE EDUCACAO PROFISSIONAL TREINE INGA,Não informado,0.4,0.4,Não informado,13.1,13.1
PR,Privada,41154185,MENNA BARRETO - CENTRO DE EDUCACAO PROFISSIONAL,Não informado,0.0,0.0,Não informado,9.8,9.8
PR,Pública,41150937,BENEDITO ROKAG C E IEF M,14.0,13.8,14.0,34.8,35.0,35.0
PR,Pública,41106369,JOAQUIM N RIBEIRO C E CEF M,0.0,2.7,2.7,0.0,21.6,21.6
PR,Pública,41074858,WENCESLAU BRAS C E C EFM,0.0,4.5,4.5,2.4,13.7,13.7
RJ,Privada,33147744,ESCOLA TECNICA ELECTRA,Não informado,1.7,1.7,Não informado,95.0,95.0
RJ,Privada,33200920,PENHA EDUCACIONAL LTDA,Não informado,0.0,0.0,Não informado,61.2,61.2
RJ,Privada,33220808,ESCOLA TECNICA ELECTRA,Não informado,1.1,1.1,Não informado,50.6,50.6
RJ,Pública,33009635,IFF - CAMPUS CAMPOS CENTRO,Não informado,0.0,0.0,Não informado,100.0,100.0
RJ,Pública,33066078,CPII - CAMPUS SAO CRISTOVAO I,0.0,Não informado,0.0,100.0,Não informado,100.0
RJ,Pública,33067872,CPII - CAMPUS TIJUCA I,0.0,Não informado,0.0,80.0,Não informado,80.0
RN,Privada,24086746,ITB - INSTITUTO TECNOLOGICO BRASILEIRO LTDA,Não informado,0.0,0.0,Não informado,33.2,33.2
RN,Privada,24086304,ESCOLA POTIGUAR DE ENFERMAGEM,Não informado,0.0,0.0,Não informado,26.9,26.9
RN,Privada,24083151,PIRAMIDE COLEGIO E CURSO,50.0,7.8,50.0,0.0,11.8,11.8
RN,Pública,24084476,NUCLEO DE ATENDIMENTO EDUCACIONAL HOSPITALAR E DOMICILIAR DO RN - NAEHD,0.0,Não informado,0.0,100.0,Não informado,100.0
RN,Pública,24042366,ESCOLA ESTADUAL PEDRO SEVERINO BEZERRA,4.5,Não informado,4.5,34.1,Não informado,34.1
RN,Pública,24057738,ESCOLA ESTADUAL DJALMA ARANHA MARINHO,11.3,12.6,12.6,3.2,33.7,33.7
RO,Privada,11046457,COLEGIO VALE DO GUAPORE,Não informado,0.0,0.0,Não informado,14.3,14.3
RO,Privada,11049294,COLEGIO EDUCAR,0.9,5.0,5.0,0.4,5.0,5.0
RO,Privada,11002662,EPEF DG SC LTDA,0.0,Não informado,0.0,3.6,Não informado,3.6
RO,Pública,11041773,EIEEF FLORESTA MAIA,8.3,Não informado,8.3,37.5,Não informado,37.5
RO,Pública,11001798,EMEF PADRE JOSE DE ANCHIETA,0.0,Não informado,0.0,34.2,Não informado,34.2
RO,Pública,11037822,EIEEFM ZAVIDIAJ XIKOV PI POHV,0.0,0.0,0.0,11.2,31.1,31.1
RR,Privada,14009757,ESCOLA ESTACIO DE EDUCACAO BASICA BOA VISTA,Não informado,0.0,0.0,Não informado,20.0,20.0
RR,Privada,14009692,ESCOLA CRISTA SHEKINAH,0.0,Não informado,0.0,2.3,Não informado,2.3
RR,Privada,14324067,ESCOLA DE EDUCACAO BASICA E PROFISSIONAL FUNDACAO BRADESCO BOA VISTA-RR,1.3,4.1,4.1,0.0,0.5,0.5
RR,Pública,14001632,ESCOLA ESTADUAL INDIGENA AGRICOLA PACHECO,1.8,0.0,1.8,1.8,45.8,45.8
RR,Pública,14005280,ESCOLA ESTADUAL PROFESSOR LEOPOLDO CAMPELO,13.7,4.3,13.7,7.9,39.2,39.2
RR,Pública,14000555,ESCOLA ESTADUAL PROFESSORA MARIA DAS DORES BRASIL,29.0,14.4,29.0,6.5,30.0,30.0
RS,Privada,43077218,EEP SENAC MONTENEGRO,Não informado,0.0,0.0,Não informado,42.4,42.4
RS,Privada,43178294,ESCOLA TECNICA FACTUM,Não informado,5.3,5.3,Não informado,20.3,20.3
RS,Privada,43176380,ESCOLA TECNICA SUL ENSINO,Não informado,0.0,0.0,Não informado,20.0,20.0
RS,Pública,43207995,ESC EST ENS MED BENTO GONCALVES,0.0,0.0,0.0,100.0,5.0,100.0
RS,Pública,43117538,ESC EST ENS FUN SAO FRANCISCO DE ASSIS,0.0,Não informado,0.0,50.0,Não informado,50.0
RS,Pública,43182143,INST ESTADUAL PARQUE DO TRABALHADOR,23.3,9.9,23.3,9.3,39.8,39.8
SC,Privada,42159946,SERVICO NACIONAL DE APRENDIZAGEM COMERCIAL,Não informado,0.0,0.0,Não informado,92.5,92.5
SC,Privada,42163030,CENTRO DE FORMACAO EDUCACIONAL,0.0,Não informado,0.0,20.6,Não informado,20.6
SC,Privada,42147352,INSTITUTO REFERENCIA EM EDUCACAO INTEGRADA LTDA,Não informado,0.8,0.8,Não informado,14.2,14.2
SC,Pública,42152640,EEB MONSENHOR VENDELINO HOBOLD,4.3,4.1,4.3,34.8,17.8,34.8
SC,Pública,42147581,EIEF TARUMA,0.0,Não informado,0.0,27.3,Não informado,27.3
SC,Pública,42035805,EEB SOLON ROSA,6.0,15.2,15.2,26.8,15.8,26.8
SE,Privada,28034392,COLEGIO GENNIUS MAXIMUS,0.0,Não informado,0.0,25.0,Não informado,25.0
SE,Privada,28035623,ESCOLA DE EDUCACAO CANTINHO DA CRIANCA,0.0,Não informado,0.0,18.2,Não informado,18.2
SE,Privada,28034708,CENTRO DE ESTUDOS SANTA ANNA,Não informado,0.0,0.0,Não informado,15.3,15.3
SE,Pública,28024540,COLEGIO ESTADUAL PROFESSOR GILSON AMADO,20.0,12.3,20.0,3.0,18.0,18.0
SE,Pública,28004418,ESC MUL PAULO BARRETO,33.3,Não informado,33.3,16.7,Não informado,16.7
SE,Pública,28007000,COLEGIO ESTADUAL MURILO BRAGA,4.3,19.5,19.5,8.7,11.5,11.5
SP,Privada,35007706,CENTRO DE ENSINO GRAU TECNICO SAO BERNARDO DO CAMPO,Não informado,9.4,9.4,Não informado,26.5,26.5
SP,Privada,35010471,SOS SAUDE ESCOLA TECNICA,Não informado,4.8,4.8,Não informado,19.0,19.0
SP,Privada,35166873,COLEGIO ANTONIO FRATA,0.0,0.0,0.0,0.0,14.3,14.3
SP,Pública,35265421,PAULO FREIRE CEMEFEJA,0.0,Não informado,0.0,100.0,Não informado,100.0
SP,Pública,35030806,HELEN KELLER,0.0,2.4,2.4,1.8,28.0,28.0
SP,Pública,35023899,GLETE DE ALCANTARA PROFESSORA,Não informado,6.5,6.5,Não informado,24.9,24.9
TO,Privada,17074800,NUCLEO DE EDUCACAO INFANTIL HORAS ALEGRES,2.3,Não informado,2.3,2.4,Não informado,2.4
TO,Privada,17050308,COLEGIO CRIATIVO PALMAS,0.0,Não informado,0.0,1.4,Não informado,1.4
TO,Privada,17046661,ESCOLA SAGRADO CORACAO DE MARIA,0.0,Não informado,0.0,1.0,Não informado,1.0
TO,Pública,17056730,ESCOLA INDIGENA IROM KAM CO,8.3,25.0,25.0,16.7,50.0,50.0
TO,Pública,17052173,ESCOLA MUNICIPAL MANGUEIRA,37.5,Não informado,37.5,31.2,Não informado,31.2
TO,Pública,17001579,ESCOLA ESTADUAL MINISTRO NEY BRAGA,1.9,2.3,2.3,1.9,22.7,22.7
