SG_UF;CO_ENTIDADE;IN_AGUA_POTAVEL;IN_AGUA_INEXISTENTE;IN_ENERGIA_INEXISTENTE;IN_ENERGIA_REDE_PUBLICA;IN_ESGOTO_REDE_PUBLICA;IN_ESGOTO_INEXISTENTE;IN_BANHEIRO;IN_COZINHA;IN_REFEITORIO;IN_QUADRA_ESPORTES;QT_SALAS_UTILIZADAS_ACESSIVEIS;QT_SALAS_UTILIZADAS;IN_LABORATORIO_CIENCIAS;IN_LABORATORIO_INFORMATICA;IN_SALA_DIRETORIA;IN_SECRETARIA;IN_SALA_MULTIUSO;IN_SALA_LEITURA;IN_ALIMENTACAO;IN_INTERNET;IN_INTERNET_ALUNOS;MEDIA_INFRAESTRUTURA
RO;11037822;1.0;0.0;0.0;1.0;0.0;0.0;1.0;1.0;1.0;0.0;0.0;5.0;0.0;1.0;0.0;0.0;0.0;0.0;1.0;1.0;1.0;56.25
RO;11049294;1.0;0.0;0.0;1.0;0.0;0.0;1.0;1.0;1.0;1.0;0.0;15.0;1.0;1.0;1.0;1.0;0.0;1.0;0.0;1.0;0.0;75.0
RO;11002662;1.0;0.0;0.0;1.0;1.0;0.0;1.0;1.0;0.0;1.0;0.0;8.0;0.0;1.0;1.0;1.0;0.0;0.0;1.0;1.0;0.0;68.75
RO;11046457;1.0;0.0;0.0;1.0;1.0;0.0;1.0;0.0;0.0;0.0;0.0;5.0;0.0;1.0;1.0;1.0;0.0;0.0;0.0;1.0;1.0;56.25
RO;11001798;0.0;0.0;0.0;1.0;0.0;1.0;1.0;1.0;0.0;0.0;0.0;2.0;0.0;0.0;1.0;0.0;0.0;0.0;1.0;1.0;0.0;37.5
RO;11041773;1.0;0.0;0.0;1.0;0.0;0.0;1.0;1.0;0.0;0.0;0.0;2.0;0.0;0.0;0.0;0.0;0.0;0.0;1.0;0.0;0.0;31.25
AC;12001686;1.0;0.0;0.0;1.0;0.0;0.0;1.0;1.0;1.0;1.0;30.0;30.0;0.0;0.0;1.0;1.0;1.0;1.0;0.0;1.0;0.0;68.75
AC;12028975;0.0;1.0;1.0;0.0;0.0;1.0;1.0;0.0;0.0;0.0;0.0;3.0;0.0;0.0;0.0;0.0;0.0;0.0;1.0;0.0;0.0;12.5
AC;12011525;1.0;0.0;0.0;1.0;1.0;0.0;1.0;1.0;1.0;1.0;0.0;7.0;0.0;1.0;1.0;1.0;0.0;0.0;0.0;1.0;1.0;75.0
AC;12032271;1.0;0.0;0.0;1.0;0.0;0.0;1.0;0.0;1.0;0.0;10.0;13.0;0.0;1.0;1.0;1.0;0.0;0.0;0.0;1.0;1.0;56.25
AC;12006408;0.0;1.0;1.0;0.0;0.0;1.0;0.0;1.0;0.0;0.0;0.0;3.0;0.0;0.0;0.0;0.0;0.0;0.0;1.0;0.0;0.0;12.5
AC;12006459;0.0;1.0;1.0;0.0;0.0;1.0;0.0;1.0;0.0;0.0;0.0;4.0;0.0;0.0;0.0;0.0;0.0;0.0;1.0;0.0;0.0;12.5
AM;13109596;1.0;0.0;1.0;0.0;0.0;0.0;1.0;0.0;0.0;0.0;0.0;1.0;0.0;0.0;0.0;0.0;0.0;0.0;1.0;0.0;0.0;18.75
AM;13101730;1.0;0.0;0.0;1.0;0.0;0.0;1.0;1.0;0.0;0.0;11.0;11.0;0.0;1.0;1.0;1.0;1.0;1.0;0.0;1.0;1.0;68.75
AM;13105256;1.0;0.0;0.0;1.0;1.0;0.0;1.0;0.0;0.0;0.0;4.0;4.0;0.0;0.0;1.0;1.0;0.0;0.0;0.0;0.0;0.0;37.5
AM;13107828;1.0;0.0;0.0;1.0;1.0;0.0;1.0;0.0;0.0;0.0;0.0;3.0;0.0;0.0;1.0;1.0;0.0;0.0;0.0;1.0;1.0;50.0
AM;13063090;1.0;0.0;0.0;0.0;0.0;0.0;0.0;1.0;0.0;0.0;0.0;1.0;0.0;0.0;0.0;0.0;0.0;0.0;1.0;1.0;0.0;25.0
AM;13121006;1.0;0.0;1.0;0.0;0.0;1.0;0.0;0.0;0.0;0.0;0.0;1.0;0.0;0.0;0.0;0.0;0.0;0.0;1.0;0.0;0.0;12.5
RR;14001632;1.0;0.0;0.0;1.0;0.0;0.0;1.0;1.0;0.0;0.0;0.0;4.0;0.0;0.0;1.0;1.0;0.0;0.0;1.0;1.0;1.0;56.25
RR;14000555;1.0;0.0;0.0;1.0;1.0;0.0;1.0;1.0;1.0;1.0;0.0;18.0;1.0;1.0;1.0;1.0;0.0;1.0;1.0;1.0;1.0;93.75
RR;14009692;1.0;0.0;0.0;1.0;1.0;0.0;1.0;1.0;1.0;0.0;5.0;5.0;0.0;0.0;1.0;1.0;0.0;0.0;1.0;1.0;0.0;62.5
RR;14009757;1.0;0.0;0.0;1.0;1.0;0.0;1.0;0.0;0.0;0.0;2.0;2.0;1.0;1.0;1.0;1.0;0.0;0.0;0.0;1.0;0.0;56.25
RR;14324067;1.0;0.0;0.0;1.0;1.0;0.0;1.0;1.0;1.0;1.0;13.0;13.0;1.0;1.0;1.0;1.0;1.0;1.0;0.0;1.0;1.0;93.75
RR;14005280;1.0;0.0;0.0;1.0;0.0;0.0;1.0;1.0;0.0;1.0;0.0;5.0;0.0;0.0;1.0;1.0;0.0;0.0;1.0;1.0;1.0;62.5
PA;15201600;1.0;0.0;0.0;1.0;0.0;0.0;1.0;1.0;1.0;1.0;6.0;6.0;0.0;1.0;1.0;1.0;0.0;1.0;1.0;1.0;0.0;75.0
PA;15168018;1.0;0.0;0.0;1.0;1.0;0.0;1.0;1.0;0.0;0.0;2.0;15.0;0.0;0.0;1.0;1.0;0.0;0.0;1.0;1.0;1.0;62.5
PA;15172619;1.0;0.0;0.0;0.0;1.0;0.0;0.0;0.0;0.0;0.0;0.0;2.0;0.0;0.0;0.0;0.0;0.0;0.0;1.0;0.0;0.0;18.75
PA;15536459;0.0;0.0;1.0;0.0;0.0;1.0;0.0;1.0;0.0;0.0;0.0;1.0;0.0;0.0;0.0;0.0;0.0;0.0;1.0;0.0;0.0;12.5
PA;15170780;1.0;0.0;0.0;1.0;0.0;0.0;1.0;1.0;1.0;1.0;15.0;15.0;1.0;1.0;1.0;1.0;0.0;1.0;0.0;1.0;1.0;81.25
PA;15583457;1.0;0.0;0.0;1.0;0.0;1.0;0.0;0.0;0.0;0.0;0.0;1.0;0.0;0.0;0.0;0.0;0.0;0.0;1.0;0.0;0.0;18.75
AP;16007549;1.0;0.0;1.0;0.0;0.0;1.0;0.0;1.0;0.0;0.0;0.0;1.0;0.0;0.0;0.0;0.0;0.0;0.0;1.0;0.0;0.0;18.75
AP;16006437;1.0;0.0;0.0;1.0;0.0;0.0;1.0;1.0;0.0;1.0;0.0;3.0;0.0;1.0;1.0;1.0;0.0;0.0;1.0;1.0;1.0;68.75
AP;16011430;1.0;0.0;0.0;1.0;0.0;0.0;1.0;1.0;1.0;1.0;0.0;4.0;0.0;0.0;1.0;1.0;0.0;0.0;1.0;1.0;0.0;62.5
AP;16009738;0.0;1.0;1.0;0.0;0.0;1.0;0.0;0.0;0.0;0.0;0.0;1.0;0.0;0.0;0.0;0.0;0.0;0.0;1.0;0.0;0.0;6.25
AP;16010108;1.0;0.0;0.0;1.0;0.0;0.0;1.0;1.0;1.0;0.0;0.0;4.0;0.0;0.0;1.0;1.0;0.0;0.0;1.0;0.0;0.0;50.0
AP;16000277;1.0;0.0;0.0;0.0;0.0;0.0;1.0;1.0;0.0;0.0;0.0;5.0;0.0;0.0;0.0;0.0;0.0;0.0;1.0;1.0;0.0;31.25
TO;17074800;1.0;0.0;0.0;1.0;0.0;0.0;1.0;0.0;0.0;0.0;6.0;6.0;0.0;0.0;1.0;1.0;0.0;1.0;0.0;1.0;0.0;43.75
TO;17001579;1.0;0.0;0.0;1.0;0.0;0.0;1.0;1.0;0.0;1.0;3.0;3.0;0.0;0.0;1.0;1.0;0.0;0.0;1.0;1.0;1.0;62.5
TO;17046661;1.0;0.0;0.0;1.0;1.0;0.0;1.0;0.0;0.0;0.0;6.0;6.0;0.0;0.0;1.0;1.0;0.0;0.0;0.0;1.0;0.0;43.75
TO;17056730;1.0;0.0;0.0;1.0;0.0;0.0;0.0;1.0;0.0;0.0;0.0;1.0;0.0;0.0;0.0;0.0;0.0;0.0;1.0;1.0;0.0;31.25
TO;17052173;0.0;1.0;1.0;0.0;0.0;0.0;1.0;1.0;0.0;0.0;0.0;2.0;0.0;0.0;0.0;0.0;0.0;0.0;1.0;0.0;0.0;18.75
TO;17050308;1.0;0.0;0.0;1.0;1.0;0.0;1.0;1.0;1.0;0.0;8.0;8.0;0.0;0.0;1.0;1.0;0.0;0.0;0.0;1.0;0.0;56.25
MA;21249490;0.0;0.0;0.0;1.0;0.0;1.0;1.0;1.0;0.0;0.0;0.0;2.0;0.0;0.0;0.0;0.0;0.0;0.0;1.0;0.0;0.0;25.0
MA;21260796;1.0;0.0;0.0;1.0;0.0;0.0;1.0;1.0;1.0;0.0;0.0;2.0;0.0;0.0;1.0;0.0;0.0;0.0;1.0;0.0;0.0;43.75
MA;21005370;1.0;0.0;0.0;0.0;0.0;0.0;1.0;1.0;0.0;0.0;0.0;2.0;0.0;0.0;0.0;1.0;0.0;0.0;1.0;0.0;0.0;31.25
MA;21345228;1.0;0.0;0.0;1.0;0.0;0.0;1.0;1.0;1.0;0.0;0.0;2.0;0.0;1.0;1.0;1.0;0.0;1.0;1.0;1.0;1.0;75.0
MA;21218269;1.0;0.0;0.0;1.0;0.0;0.0;1.0;1.0;1.0;0.0;7.0;7.0;0.0;1.0;1.0;1.0;0.0;1.0;0.0;1.0;0.0;62.5
MA;21206309;1.0;0.0;0.0;1.0;0.0;0.0;1.0;1.0;0.0;0.0;0.0;6.0;0.0;0.0;1.0;0.0;0.0;0.0;1.0;1.0;1.0;50.0
PI;22137556;0.0;0.0;0.0;1.0;0.0;1.0;1.0;1.0;0.0;0.0;6.0;6.0;0.0;0.0;1.0;0.0;0.0;0.0;1.0;1.0;0.0;37.5
PI;22068724;1.0;0.0;0.0;1.0;0.0;0.0;1.0;1.0;0.0;0.0;4.0;44.0;0.0;0.0;1.0;0.0;0.0;0.0;1.0;1.0;0.0;43.75
PI;22129995;1.0;0.0;0.0;1.0;0.0;0.0;1.0;0.0;0.0;0.0;6.0;6.0;1.0;1.0;1.0;1.0;0.0;0.0;0.0;1.0;1.0;56.25
PI;22176608;1.0;0.0;0.0;1.0;1.0;0.0;1.0;1.0;1.0;0.0;6.0;8.0;0.0;1.0;1.0;1.0;0.0;1.0;0.0;1.0;1.0;75.0
PI;22066179;1.0;0.0;0.0;1.0;1.0;0.0;1.0;1.0;0.0;0.0;5.0;5.0;0.0;0.0;1.0;0.0;0.0;0.0;1.0;1.0;1.0;56.25
PI;22143386;1.0;0.0;0.0;1.0;1.0;0.0;1.0;1.0;1.0;1.0;45.0;61.0;1.0;1.0;1.0;1.0;1.0;1.0;0.0;1.0;1.0;93.75
CE;23070900;1.0;0.0;0.0;1.0;1.0;0.0;1.0;1.0;0.0;0.0;0.0;9.0;1.0;1.0;1.0;1.0;0.0;1.0;1.0;1.0;1.0;81.25
CE;23075023;1.0;0.0;0.0;1.0;1.0;0.0;1.0;1.0;1.0;1.0;0.0;9.0;1.0;1.0;1.0;1.0;0.0;0.0;1.0;1.0;1.0;87.5
CE;23189240;1.0;0.0;0.0;1.0;1.0;0.0;1.0;0.0;0.0;0.0;0.0;5.0;1.0;1.0;1.0;1.0;0.0;0.0;0.0;1.0;1.0;62.5
CE;23244909;1.0;0.0;0.0;1.0;0.0;0.0;1.0;1.0;1.0;1.0;6.0;6.0;0.0;0.0;1.0;1.0;1.0;1.0;0.0;1.0;0.0;68.75
CE;23274670;1.0;0.0;0.0;1.0;0.0;0.0;1.0;1.0;1.0;0.0;13.0;13.0;1.0;1.0;1.0;1.0;0.0;1.0;0.0;1.0;1.0;75.0
CE;23051558;1.0;0.0;0.0;1.0;0.0;0.0;1.0;1.0;0.0;0.0;0.0;4.0;0.0;0.0;1.0;1.0;0.0;0.0;1.0;1.0;0.0;50.0
RN;24083151;1.0;0.0;0.0;1.0;1.0;0.0;1.0;1.0;0.0;1.0;4.0;4.0;1.0;1.0;1.0;1.0;0.0;0.0;0.0;1.0;1.0;75.0
RN;24057738;1.0;0.0;0.0;1.0;0.0;0.0;1.0;1.0;1.0;0.0;10.0;10.0;1.0;1.0;1.0;1.0;1.0;0.0;1.0;1.0;1.0;81.25
RN;24084476;1.0;0.0;0.0;1.0;1.0;0.0;0.0;0.0;0.0;0.0;0.0;10.0;0.0;0.0;0.0;0.0;0.0;0.0;1.0;1.0;1.0;37.5
RN;24086746;1.0;0.0;0.0;1.0;1.0;0.0;1.0;1.0;0.0;0.0;4.0;4.0;0.0;1.0;1.0;1.0;0.0;1.0;0.0;1.0;1.0;68.75
RN;24042366;1.0;0.0;0.0;1.0;1.0;0.0;1.0;1.0;1.0;1.0;0.0;5.0;0.0;1.0;1.0;1.0;0.0;0.0;1.0;1.0;1.0;81.25
RN;24086304;1.0;0.0;0.0;1.0;0.0;0.0;1.0;0.0;0.0;0.0;5.0;5.0;0.0;1.0;1.0;1.0;0.0;1.0;0.0;1.0;0.0;50.0
PB;25129350;1.0;0.0;0.0;1.0;0.0;0.0;1.0;0.0;0.0;0.0;8.0;8.0;1.0;1.0;1.0;1.0;0.0;1.0;0.0;1.0;1.0;62.5
PB;25081799;1.0;0.0;0.0;1.0;1.0;0.0;1.0;1.0;0.0;1.0;0.0;6.0;0.0;0.0;0.0;1.0;0.0;0.0;1.0;1.0;1.0;62.5
PB;25094025;1.0;0.0;0.0;1.0;1.0;0.0;1.0;1.0;1.0;1.0;10.0;12.0;1.0;1.0;1.0;1.0;0.0;0.0;1.0;1.0;0.0;81.25
PB;25276930;1.0;0.0;0.0;1.0;1.0;0.0;1.0;1.0;1.0;0.0;12.0;16.0;0.0;1.0;1.0;1.0;0.0;1.0;0.0;1.0;1.0;75.0
PB;25088025;1.0;0.0;0.0;1.0;0.0;0.0;1.0;1.0;0.0;0.0;1.0;7.0;0.0;0.0;1.0;1.0;0.0;0.0;1.0;1.0;0.0;50.0
PB;25130439;1.0;0.0;0.0;1.0;1.0;0.0;1.0;0.0;0.0;0.0;0.0;4.0;0.0;0.0;1.0;0.0;0.0;0.0;0.0;1.0;0.0;37.5
PE;26136639;1.0;0.0;0.0;1.0;0.0;0.0;1.0;0.0;0.0;0.0;0.0;3.0;0.0;0.0;0.0;1.0;0.0;0.0;0.0;1.0;1.0;37.5
PE;26175690;1.0;0.0;0.0;1.0;1.0;0.0;1.0;1.0;0.0;0.0;0.0;5.0;0.0;0.0;1.0;1.0;0.0;0.0;0.0;1.0;1.0;56.25
PE;26041570;1.0;0.0;0.0;1.0;0.0;0.0;1.0;1.0;0.0;0.0;0.0;4.0;0.0;0.0;0.0;1.0;0.0;0.0;1.0;0.0;0.0;37.5
PE;26041634;1.0;0.0;0.0;1.0;0.0;0.0;1.0;1.0;0.0;0.0;0.0;12.0;0.0;0.0;0.0;0.0;0.0;0.0;1.0;1.0;0.0;37.5
PE;26147190;1.0;0.0;0.0;1.0;0.0;0.0;1.0;1.0;0.0;0.0;0.0;8.0;0.0;0.0;1.0;1.0;0.0;1.0;1.0;1.0;0.0;56.25
PE;26123924;1.0;0.0;0.0;1.0;1.0;0.0;1.0;0.0;0.0;0.0;5.0;5.0;1.0;0.0;1.0;1.0;0.0;1.0;0.0;1.0;1.0;62.5
AL;27028712;1.0;0.0;0.0;1.0;0.0;0.0;1.0;1.0;0.0;0.0;0.0;2.0;0.0;0.0;1.0;0.0;0.0;1.0;1.0;1.0;1.0;56.25
AL;27037223;1.0;0.0;0.0;1.0;1.0;0.0;1.0;1.0;1.0;1.0;150.0;150.0;1.0;1.0;1.0;1.0;1.0;1.0;1.0;1.0;1.0;100.0
AL;27049248;1.0;0.0;0.0;1.0;1.0;0.0;1.0;1.0;0.0;0.0;0.0;10.0;0.0;0.0;1.0;1.0;0.0;0.0;0.0;1.0;0.0;50.0
AL;27049647;1.0;0.0;0.0;1.0;0.0;0.0;1.0;1.0;0.0;0.0;0.0;8.0;0.0;0.0;1.0;1.0;0.0;1.0;0.0;1.0;0.0;50.0
AL;27054632;1.0;0.0;0.0;1.0;0.0;0.0;1.0;0.0;0.0;0.0;0.0;5.0;0.0;0.0;1.0;1.0;0.0;0.0;0.0;1.0;0.0;37.5
AL;27354024;1.0;0.0;0.0;1.0;1.0;0.0;1.0;1.0;1.0;1.0;0.0;15.0;1.0;1.0;1.0;1.0;0.0;1.0;1.0;1.0;0.0;87.5
SE;28034392;1.0;0.0;0.0;1.0;1.0;0.0;1.0;0.0;0.0;0.0;0.0;4.0;0.0;1.0;1.0;1.0;0.0;0.0;0.0;1.0;0.0;50.0
SE;28034708;1.0;0.0;0.0;1.0;1.0;0.0;1.0;0.0;0.0;0.0;2.0;13.0;1.0;0.0;1.0;1.0;0.0;0.0;0.0;1.0;1.0;56.25
SE;28024540;1.0;0.0;0.0;1.0;0.0;0.0;1.0;1.0;0.0;1.0;9.0;9.0;0.0;1.0;1.0;1.0;0.0;1.0;1.0;1.0;1.0;75.0
SE;28007000;1.0;0.0;0.0;1.0;1.0;0.0;1.0;1.0;1.0;1.0;2.0;22.0;1.0;1.0;1.0;1.0;1.0;0.0;1.0;1.0;1.0;93.75
SE;28004418;1.0;0.0;0.0;1.0;0.0;0.0;1.0;1.0;0.0;0.0;0.0;1.0;0.0;0.0;0.0;0.0;0.0;0.0;1.0;1.0;1.0;43.75
SE;28035623;1.0;0.0;0.0;1.0;1.0;0.0;1.0;0.0;0.0;0.0;0.0;4.0;0.0;0.0;1.0;1.0;1.0;0.0;0.0;1.0;0.0;50.0
BA;29486386;1.0;0.0;0.0;1.0;1.0;0.0;1.0;1.0;0.0;0.0;1.0;7.0;0.0;1.0;1.0;1.0;0.0;1.0;0.0;1.0;1.0;68.75
BA;29473420;1.0;0.0;0.0;1.0;1.0;0.0;1.0;1.0;0.0;0.0;7.0;7.0;0.0;1.0;1.0;1.0;0.0;0.0;0.0;1.0;1.0;62.5
BA;29297710;1.0;0.0;0.0;1.0;0.0;0.0;1.0;0.0;0.0;0.0;0.0;1.0;0.0;0.0;0.0;0.0;0.0;0.0;1.0;1.0;0.0;31.25
BA;29310270;1.0;0.0;0.0;1.0;1.0;0.0;1.0;1.0;0.0;0.0;0.0;3.0;0.0;0.0;0.0;0.0;0.0;1.0;1.0;1.0;1.0;56.25
BA;29404240;1.0;0.0;0.0;1.0;1.0;0.0;1.0;1.0;1.0;0.0;0.0;12.0;0.0;0.0;1.0;1.0;0.0;1.0;1.0;1.0;1.0;75.0
BA;29478154;1.0;0.0;0.0;1.0;1.0;0.0;1.0;1.0;0.0;0.0;0.0;18.0;1.0;1.0;1.0;1.0;0.0;0.0;0.0;1.0;1.0;68.75
MG;31384070;1.0;0.0;0.0;1.0;1.0;0.0;1.0;0.0;1.0;0.0;4.0;4.0;0.0;1.0;1.0;1.0;0.0;0.0;0.0;1.0;1.0;62.5
MG;31375373;1.0;0.0;0.0;1.0;1.0;0.0;1.0;1.0;0.0;0.0;10.0;10.0;0.0;1.0;1.0;1.0;0.0;1.0;0.0;1.0;1.0;68.75
MG;31383597;1.0;0.0;0.0;1.0;1.0;0.0;1.0;1.0;0.0;0.0;0.0;10.0;0.0;1.0;1.0;1.0;0.0;1.0;0.0;1.0;1.0;68.75
MG;31326861;1.0;0.0;0.0;1.0;1.0;0.0;1.0;1.0;0.0;1.0;0.0;6.0;0.0;1.0;1.0;1.0;0.0;0.0;0.0;1.0;0.0;62.5
MG;31137227;1.0;0.0;0.0;1.0;1.0;0.0;1.0;1.0;1.0;0.0;0.0;8.0;0.0;1.0;1.0;1.0;0.0;0.0;1.0;1.0;1.0;75.0
MG;31342564;1.0;0.0;0.0;1.0;1.0;0.0;1.0;0.0;0.0;0.0;0.0;1.0;0.0;0.0;1.0;1.0;0.0;0.0;0.0;1.0;0.0;43.75
ES;32076410;1.0;0.0;0.0;1.0;1.0;0.0;1.0;1.0;1.0;1.0;16.0;16.0;1.0;0.0;1.0;1.0;0.0;0.0;1.0;1.0;1.0;81.25
ES;32081278;1.0;0.0;0.0;1.0;1.0;0.0;1.0;1.0;1.0;0.0;0.0;2.0;1.0;1.0;1.0;1.0;0.0;0.0;1.0;1.0;1.0;81.25
ES;32024703;1.0;0.0;0.0;1.0;0.0;0.0;1.0;1.0;0.0;0.0;0.0;2.0;0.0;0.0;0.0;0.0;0.0;0.0;1.0;0.0;0.0;31.25
ES;32078625;1.0;0.0;0.0;1.0;0.0;0.0;1.0;1.0;1.0;0.0;1.0;3.0;0.0;1.0;1.0;1.0;0.0;0.0;1.0;1.0;1.0;68.75
ES;32065523;1.0;0.0;0.0;1.0;1.0;0.0;1.0;0.0;1.0;0.0;30.0;40.0;0.0;1.0;1.0;1.0;0.0;0.0;0.0;1.0;1.0;62.5
ES;32083386;1.0;0.0;0.0;1.0;1.0;0.0;1.0;1.0;1.0;0.0;8.0;8.0;1.0;1.0;1.0;1.0;0.0;1.0;0.0;1.0;1.0;81.25
RJ;33009635;1.0;0.0;0.0;1.0;1.0;0.0;1.0;1.0;1.0;1.0;149.0;149.0;1.0;1.0;1.0;1.0;1.0;1.0;1.0;1.0;1.0;100.0
RJ;33066078;1.0;0.0;0.0;1.0;1.0;0.0;1.0;1.0;1.0;1.0;33.0;34.0;1.0;1.0;1.0;1.0;1.0;1.0;1.0;1.0;1.0;100.0
RJ;33067872;1.0;0.0;0.0;1.0;1.0;0.0;1.0;1.0;1.0;1.0;0.0;16.0;1.0;1.0;1.0;1.0;1.0;0.0;1.0;1.0;1.0;93.75
RJ;33147744;1.0;0.0;0.0;1.0;1.0;0.0;1.0;1.0;0.0;0.0;9.0;9.0;0.0;1.0;0.0;1.0;0.0;0.0;0.0;1.0;1.0;56.25
RJ;33200920;1.0;0.0;0.0;1.0;1.0;0.0;1.0;0.0;1.0;0.0;5.0;5.0;0.0;1.0;1.0;1.0;0.0;1.0;0.0;1.0;1.0;68.75
RJ;33220808;1.0;0.0;0.0;1.0;1.0;0.0;1.0;1.0;0.0;1.0;0.0;6.0;0.0;1.0;1.0;1.0;0.0;1.0;0.0;1.0;0.0;68.75
SP;35030806;1.0;0.0;0.0;1.0;1.0;0.0;1.0;1.0;1.0;1.0;0.0;18.0;0.0;1.0;1.0;1.0;0.0;1.0;1.0;1.0;1.0;87.5
SP;35010471;1.0;0.0;0.0;1.0;1.0;0.0;1.0;1.0;0.0;0.0;0.0;4.0;1.0;0.0;0.0;1.0;0.0;0.0;0.0;1.0;1.0;56.25
SP;35166873;1.0;0.0;0.0;1.0;1.0;0.0;1.0;1.0;0.0;1.0;0.0;7.0;0.0;0.0;1.0;1.0;0.0;0.0;0.0;1.0;0.0;56.25
SP;35265421;1.0;0.0;0.0;1.0;1.0;0.0;1.0;1.0;1.0;0.0;5.0;5.0;0.0;1.0;1.0;1.0;0.0;0.0;1.0;1.0;1.0;75.0
SP;35023899;1.0;0.0;0.0;1.0;1.0;0.0;1.0;1.0;1.0;1.0;0.0;12.0;1.0;1.0;1.0;1.0;0.0;1.0;1.0;1.0;1.0;93.75
SP;35007706;1.0;0.0;0.0;1.0;1.0;0.0;1.0;0.0;0.0;0.0;0.0;22.0;0.0;1.0;1.0;1.0;0.0;0.0;0.0;1.0;1.0;56.25
PR;41533909;1.0;0.0;0.0;1.0;1.0;0.0;1.0;1.0;1.0;1.0;27.0;27.0;1.0;1.0;1.0;1.0;0.0;0.0;1.0;1.0;0.0;81.25
PR;41155734;1.0;0.0;0.0;1.0;1.0;0.0;1.0;1.0;0.0;0.0;2.0;2.0;0.0;1.0;1.0;1.0;0.0;1.0;0.0;1.0;1.0;68.75
PR;41074858;1.0;0.0;0.0;1.0;0.0;0.0;1.0;1.0;0.0;1.0;0.0;6.0;0.0;1.0;0.0;1.0;0.0;0.0;1.0;1.0;1.0;62.5
PR;41154185;1.0;0.0;0.0;1.0;1.0;0.0;1.0;1.0;0.0;0.0;8.0;8.0;0.0;1.0;1.0;1.0;0.0;0.0;0.0;1.0;1.0;62.5
PR;41106369;1.0;0.0;0.0;1.0;0.0;0.0;1.0;1.0;1.0;1.0;0.0;7.0;0.0;1.0;1.0;1.0;0.0;0.0;1.0;1.0;1.0;75.0
PR;41150937;1.0;0.0;0.0;1.0;0.0;0.0;1.0;1.0;0.0;0.0;0.0;7.0;0.0;1.0;1.0;0.0;0.0;0.0;1.0;1.0;1.0;56.25
SC;42159946;1.0;0.0;0.0;1.0;1.0;0.0;1.0;0.0;0.0;0.0;8.0;8.0;0.0;1.0;0.0;0.0;0.0;0.0;0.0;1.0;1.0;43.75
SC;42163030;1.0;0.0;0.0;1.0;1.0;0.0;1.0;1.0;1.0;1.0;0.0;13.0;0.0;1.0;1.0;1.0;0.0;1.0;1.0;1.0;1.0;87.5
SC;42035805;1.0;0.0;0.0;1.0;1.0;0.0;1.0;1.0;1.0;1.0;13.0;19.0;1.0;1.0;1.0;1.0;0.0;0.0;1.0;1.0;1.0;87.5
SC;42147581;1.0;0.0;0.0;1.0;0.0;0.0;1.0;0.0;0.0;0.0;0.0;3.0;0.0;0.0;0.0;0.0;0.0;0.0;1.0;1.0;1.0;37.5
SC;42152640;1.0;0.0;0.0;1.0;1.0;0.0;1.0;1.0;1.0;1.0;0.0;13.0;0.0;1.0;1.0;1.0;0.0;0.0;1.0;1.0;1.0;81.25
SC;42147352;1.0;0.0;0.0;1.0;1.0;0.0;1.0;1.0;1.0;1.0;8.0;16.0;0.0;0.0;1.0;1.0;0.0;0.0;1.0;1.0;1.0;75.0
RS;43176380;1.0;0.0;0.0;1.0;1.0;0.0;1.0;0.0;0.0;0.0;5.0;5.0;1.0;1.0;1.0;1.0;0.0;1.0;0.0;1.0;1.0;68.75
RS;43077218;1.0;0.0;0.0;1.0;1.0;0.0;1.0;0.0;0.0;0.0;0.0;18.0;0.0;1.0;1.0;1.0;0.0;0.0;0.0;1.0;1.0;56.25
RS;43207995;1.0;0.0;0.0;1.0;1.0;0.0;1.0;0.0;0.0;0.0;0.0;4.0;1.0;1.0;1.0;1.0;0.0;0.0;1.0;1.0;1.0;68.75
RS;43178294;1.0;0.0;0.0;1.0;1.0;0.0;1.0;1.0;1.0;0.0;22.0;22.0;1.0;1.0;1.0;1.0;0.0;1.0;0.0;1.0;1.0;81.25
RS;43117538;1.0;0.0;0.0;1.0;0.0;0.0;1.0;1.0;1.0;0.0;0.0;2.0;0.0;0.0;0.0;1.0;0.0;1.0;1.0;1.0;1.0;62.5
RS;43182143;1.0;0.0;0.0;1.0;0.0;0.0;1.0;1.0;1.0;1.0;0.0;9.0;1.0;1.0;1.0;1.0;0.0;0.0;1.0;1.0;0.0;75.0
MS;50034600;1.0;0.0;0.0;1.0;1.0;0.0;0.0;0.0;0.0;0.0;0.0;3.0;0.0;0.0;1.0;1.0;0.0;0.0;1.0;1.0;0.0;43.75
MS;50034812;1.0;0.0;0.0;1.0;1.0;0.0;1.0;1.0;0.0;0.0;3.0;4.0;0.0;0.0;1.0;1.0;0.0;0.0;1.0;1.0;0.0;56.25
MS;50011316;1.0;0.0;0.0;1.0;1.0;0.0;1.0;1.0;0.0;1.0;12.0;18.0;0.0;1.0;1.0;1.0;0.0;0.0;0.0;1.0;1.0;68.75
MS;50019309;0.0;0.0;0.0;1.0;0.0;0.0;1.0;1.0;1.0;1.0;9.0;9.0;1.0;0.0;1.0;1.0;0.0;0.0;1.0;1.0;1.0;68.75
MS;50024337;1.0;0.0;0.0;1.0;0.0;0.0;1.0;1.0;1.0;1.0;0.0;3.0;1.0;1.0;1.0;1.0;0.0;0.0;1.0;1.0;1.0;81.25
MS;50023390;1.0;0.0;0.0;1.0;0.0;0.0;1.0;1.0;0.0;0.0;0.0;15.0;0.0;1.0;1.0;1.0;0.0;0.0;1.0;1.0;0.0;56.25
MT;51069229;1.0;0.0;0.0;1.0;0.0;0.0;1.0;1.0;0.0;0.0;0.0;1.0;0.0;0.0;0.0;0.0;0.0;0.0;1.0;1.0;1.0;43.75
MT;51067986;1.0;0.0;0.0;1.0;1.0;0.0;1.0;1.0;1.0;0.0;22.0;28.0;0.0;1.0;1.0;1.0;0.0;1.0;1.0;1.0;1.0;81.25
MT;51061716;1.0;0.0;0.0;1.0;0.0;0.0;1.0;1.0;1.0;0.0;0.0;6.0;0.0;1.0;1.0;1.0;0.0;0.0;1.0;1.0;0.0;62.5
MT;51067390;1.0;0.0;0.0;1.0;0.0;0.0;1.0;1.0;1.0;1.0;0.0;4.0;0.0;0.0;0.0;1.0;0.0;1.0;1.0;1.0;1.0;68.75
MT;51089874;1.0;0.0;0.0;1.0;0.0;0.0;1.0;1.0;1.0;1.0;6.0;12.0;0.0;0.0;1.0;1.0;0.0;0.0;1.0;1.0;1.0;68.75
MT;51071789;1.0;0.0;0.0;1.0;1.0;0.0;1.0;0.0;0.0;0.0;7.0;7.0;0.0;1.0;1.0;1.0;0.0;0.0;0.0;1.0;1.0;56.25
GO;52077942;1.0;0.0;0.0;1.0;0.0;0.0;1.0;1.0;0.0;1.0;0.0;10.0;0.0;1.0;1.0;1.0;0.0;0.0;1.0;1.0;0.0;62.5
GO;52096424;1.0;0.0;0.0;1.0;1.0;0.0;1.0;1.0;0.0;0.0;9.0;9.0;0.0;1.0;1.0;1.0;0.0;1.0;0.0;1.0;1.0;68.75
GO;52106837;1.0;0.0;0.0;1.0;1.0;0.0;1.0;0.0;0.0;0.0;13.0;13.0;0.0;1.0;1.0;1.0;0.0;0.0;0.0;1.0;1.0;56.25
GO;52103552;1.0;0.0;0.0;0.0;0.0;0.0;1.0;1.0;0.0;0.0;0.0;2.0;0.0;0.0;0.0;0.0;0.0;0.0;1.0;1.0;1.0;37.5
GO;52096688;1.0;0.0;0.0;1.0;1.0;0.0;1.0;0.0;1.0;1.0;7.0;10.0;1.0;1.0;1.0;1.0;1.0;1.0;0.0;1.0;1.0;87.5
GO;52049809;1.0;0.0;0.0;1.0;0.0;0.0;1.0;1.0;0.0;0.0;10.0;10.0;0.0;0.0;1.0;1.0;0.0;0.0;1.0;1.0;1.0;56.25
DF;53005392;1.0;0.0;0.0;1.0;0.0;0.0;1.0;1.0;0.0;1.0;0.0;7.0;0.0;1.0;1.0;1.0;0.0;1.0;1.0;1.0;1.0;75.0
DF;53008979;1.0;0.0;0.0;1.0;1.0;0.0;1.0;1.0;0.0;1.0;0.0;22.0;1.0;0.0;1.0;1.0;0.0;1.0;1.0;1.0;1.0;81.25
DF;53009380;1.0;0.0;0.0;1.0;0.0;0.0;1.0;1.0;0.0;1.0;12.0;12.0;0.0;0.0;1.0;1.0;1.0;1.0;1.0;1.0;0.0;68.75
DF;53018877;1.0;0.0;0.0;1.0;1.0;0.0;1.0;1.0;1.0;0.0;7.0;10.0;1.0;1.0;1.0;1.0;0.0;1.0;0.0;1.0;1.0;81.25
DF;53035003;1.0;0.0;0.0;1.0;1.0;0.0;1.0;1.0;1.0;0.0;8.0;8.0;0.0;0.0;1.0;1.0;1.0;1.0;1.0;1.0;0.0;75.0
DF;53045009;1.0;0.0;0.0;1.0;1.0;0.0;1.0;0.0;0.0;0.0;37.0;37.0;0.0;1.0;1.0;1.0;0.0;0.0;0.0;1.0;1.0;56.25
